user_id,timestamp,amount,category,location,z_score,is_anomaly_z,is_anomaly_iqr
1,2025-06-30 05:07:00,1412.0,electronics,Las Vegas,9.917579748395914,True,True
1,2025-06-29 17:42:00,121.95,entertainment,New York,0.2876144348436225,False,True
1,2025-07-10 16:46:00,1239.58,refund,Las Vegas,8.630498922565375,True,True
1,2025-06-30 13:15:00,0.38,bills,Remote,-0.6198813080876996,False,True
1,2025-07-09 10:52:00,676.95,fraud,Dubai,4.4305784664869865,True,True
1,2025-07-10 13:02:00,1776.88,electronics,Online,12.641335993199572,True,True
1,2025-06-18 20:46:00,133.74,bills,San Francisco,0.3756244275158302,False,True
1,2025-07-04 02:09:00,13.03,education,New York,-0.5254515873664589,False,True
1,2025-06-19 13:05:00,1628.81,refund,Dubai,11.53602304875735,True,True
1,2025-06-28 23:40:00,1440.32,fraud,Las Vegas,10.12898288601058,True,True
1,2025-06-25 13:47:00,122.87,shopping,San Francisco,0.2944820508960764,False,True
2,2025-07-01 04:42:00,128.98,bills,Austin,0.5801447947681888,False,True
2,2025-06-16 03:22:00,7.38,refund,Dubai,-0.7566204052342577,False,True
2,2025-06-20 08:36:00,122.89,shopping,Remote,0.5131966034193822,False,True
2,2025-06-24 11:14:00,18.75,food,San Francisco,-0.6316284617800815,False,True
2,2025-07-06 19:39:00,19.41,bills,Chicago,-0.6243729927669104,False,True
2,2025-06-28 16:32:00,128.47,food,Remote,0.5745382959852839,False,True
2,2025-06-14 22:20:00,3.93,refund,Online,-0.7945467205303796,False,True
2,2025-06-21 06:02:00,1251.56,fraud,Las Vegas,12.92081813538288,True,True
2,2025-07-12 02:33:00,1617.24,fraud,Las Vegas,16.940787694074448,True,True
2,2025-06-26 19:55:00,1073.2,refund,Dubai,10.960082600247713,True,True
2,2025-06-21 04:46:00,11.19,education,Chicago,-0.7147365613854968,False,True
3,2025-07-02 05:56:00,18.87,entertainment,San Francisco,-0.932810515590876,False,True
3,2025-06-16 06:11:00,6.24,education,Remote,-1.1510955773886817,False,True
3,2025-07-12 02:46:00,13.25,entertainment,New York,-1.0299413190195117,False,True
3,2025-06-15 06:26:00,4.72,refund,Online,-1.1773658302732948,False,True
3,2025-06-24 05:09:00,17.62,food,Austin,-0.9544143419762487,False,True
3,2025-06-15 01:39:00,527.41,luxury,Online,7.856317380423056,True,True
3,2025-06-25 02:36:00,127.68,subscriptions,Remote,0.9477593636030439,False,True
3,2025-06-14 05:53:00,533.14,fraud,Las Vegas,7.955349320573605,True,True
3,2025-06-17 20:23:00,121.09,entertainment,New York,0.8338639908993591,False,True
3,2025-06-23 08:15:00,1245.84,luxury,Online,20.27298697245768,True,True
3,2025-06-19 19:18:00,7.88,luxury,Online,-1.1227513571710728,False,True
4,2025-07-02 20:12:00,126.49,health,Remote,1.3725365280919974,False,True
4,2025-07-02 09:44:00,123.02,bills,San Francisco,1.2845780304796937,False,True
4,2025-06-30 23:29:00,7.59,subscriptions,New York,-1.6413727993151852,False,True
4,2025-07-06 09:45:00,121.95,education,Chicago,1.2574553813600498,False,True
4,2025-07-02 14:25:00,12.1,health,Remote,-1.5270521006893956,False,True
4,2025-06-28 11:51:00,125.37,entertainment,Remote,1.3441464654620898,False,True
4,2025-06-17 09:53:00,6.36,fraud,Online,-1.6725511716676735,False,True
4,2025-06-19 01:54:00,130.29,food,Chicago,1.468859954872042,False,True
4,2025-06-15 21:31:00,906.39,luxury,Online,21.141652461185878,True,True
4,2025-07-12 20:35:00,1.76,luxury,Dubai,-1.7891532146119378,False,True
4,2025-07-07 09:48:00,19.55,shopping,Remote,-1.3382074876600978,False,True
5,2025-06-17 02:54:00,4.94,subscriptions,Remote,-1.057559323429635,False,True
5,2025-06-19 09:27:00,0.66,entertainment,San Francisco,-1.1224868002582065,False,True
5,2025-06-14 19:08:00,2.13,fraud,Dubai,-1.100186942562412,False,True
5,2025-06-30 08:48:00,988.99,fraud,Dubai,13.870450857214196,True,True
5,2025-07-03 10:58:00,141.11,health,San Francisco,1.0081356578195602,False,True
5,2025-07-10 01:56:00,131.87,health,Chicago,0.8679651237317099,False,True
5,2025-06-20 13:17:00,1293.12,fraud,Online,18.484094204848162,True,True
5,2025-06-28 01:27:00,138.28,entertainment,Austin,0.9652046392623505,False,True
6,2025-06-20 17:58:00,129.86,entertainment,Remote,1.960536254773286,False,True
6,2025-07-04 18:11:00,8.81,refund,Dubai,-2.058806830032356,False,True
6,2025-06-18 13:53:00,7.23,transport,Remote,-2.1112691354763284,False,True
6,2025-07-08 15:06:00,618.53,luxury,Dubai,18.186330432815193,True,True
7,2025-07-07 15:05:00,126.03,entertainment,San Francisco,0.7139837090492783,False,True
7,2025-07-11 18:03:00,9.11,entertainment,Chicago,-0.850821539912875,False,True
7,2025-06-27 14:37:00,122.94,transport,San Francisco,0.6726285241425638,False,True
7,2025-07-06 05:38:00,1838.03,fraud,Online,23.62662984506712,True,True
8,2025-06-20 07:04:00,127.07,subscriptions,Remote,1.024745063399444,False,True
8,2025-07-03 14:51:00,678.8,fraud,Dubai,11.500284696734443,True,True
8,2025-06-30 03:22:00,1107.25,refund,Dubai,19.635142246446044,True,True
8,2025-07-04 07:26:00,15.85,shopping,Austin,-1.0869572511738415,False,True
8,2025-06-24 14:19:00,3.58,bills,San Francisco,-1.3199242301327896,False,True
8,2025-06-30 06:05:00,9.32,entertainment,Chicago,-1.2109404926246916,False,True
8,2025-06-28 18:47:00,-5.15,bills,San Francisco,-1.4856782420571268,False,True
8,2025-07-04 08:21:00,5.66,electronics,Las Vegas,-1.2804318653214928,False,True
8,2025-06-30 16:45:00,131.35,transport,San Francisco,1.1060081986842278,False,True
9,2025-07-05 17:33:00,122.47,food,Chicago,0.5902447210059165,False,True
9,2025-07-08 18:20:00,4.73,luxury,Online,-0.8577796713721151,False,True
9,2025-06-14 06:14:00,120.42,food,Chicago,0.5650328133757572,False,True
9,2025-07-09 03:29:00,14.54,transport,Remote,-0.7371314694931573,False,True
9,2025-07-02 21:58:00,1267.18,electronics,Online,14.668450956771643,True,True
9,2025-07-04 19:43:00,1.44,luxury,Online,-0.8982417084956392,False,True
9,2025-06-26 16:02:00,13.16,transport,Chicago,-0.7541033878002891,False,True
9,2025-07-12 20:26:00,124.72,food,Chicago,0.6179163269414573,False,True
9,2025-07-01 08:41:00,1598.25,fraud,Dubai,18.740112546584747,True,True
10,2025-07-07 07:46:00,11.28,entertainment,New York,-1.1020011104408434,False,True
10,2025-06-13 03:43:00,2.12,luxury,Online,-1.2681459785203097,False,True
10,2025-06-30 02:45:00,132.81,food,San Francisco,1.1023204853776698,False,True
10,2025-07-04 01:35:00,1326.66,refund,Las Vegas,22.756474498114706,True,True
10,2025-07-02 00:41:00,134.86,food,San Francisco,1.1395035617491664,False,True
11,2025-06-28 07:34:00,3.38,health,San Francisco,-1.5547731748152964,False,True
11,2025-07-10 23:29:00,123.13,education,New York,1.2199153313082063,False,True
11,2025-06-28 06:07:00,123.2,transport,San Francisco,1.2215372786604288,False,True
11,2025-06-18 22:39:00,8.68,refund,Las Vegas,-1.4319685895755923,False,True
11,2025-07-09 23:25:00,5.16,entertainment,New York,-1.513529370715924,False,True
11,2025-06-19 17:32:00,121.43,shopping,New York,1.1805251813256599,False,True
11,2025-06-26 14:16:00,2.26,entertainment,San Francisco,-1.5807243324508564,False,True
11,2025-06-23 18:32:00,1014.6,refund,Dubai,21.875878275391038,True,True
11,2025-06-16 08:42:00,140.27,transport,San Francisco,1.6170607258381176,False,True
12,2025-06-15 17:35:00,137.44,food,San Francisco,3.1317075708233295,True,True
12,2025-06-23 12:29:00,2.59,electronics,Online,-3.278024982557054,True,True
12,2025-07-07 02:43:00,130.61,transport,Remote,2.8070618656725106,False,True
12,2025-06-23 13:15:00,-0.82,entertainment,Remote,-3.4401101735620756,True,True
12,2025-07-10 13:33:00,129.71,subscriptions,Chicago,2.7642827830025634,False,True
12,2025-07-12 01:57:00,3.24,refund,Dubai,-3.2471289784065376,True,True
12,2025-06-26 00:33:00,14.87,entertainment,San Francisco,-2.694328165682667,False,True
13,2025-07-10 06:43:00,12.12,shopping,New York,-0.681893026561861,False,True
13,2025-06-27 15:20:00,135.93,food,Austin,0.6411520342307814,False,True
13,2025-06-19 23:15:00,1614.58,refund,Las Vegas,16.44214209271588,True,True
13,2025-06-13 08:59:00,15.17,bills,San Francisco,-0.6493004457087993,False,True
13,2025-07-12 04:42:00,1705.9,luxury,Dubai,17.417996021732797,True,True
14,2025-07-02 07:01:00,14.93,bills,Austin,-1.5646059212591954,False,True
14,2025-06-15 17:56:00,138.16,entertainment,New York,1.9206532083021384,False,True
14,2025-07-06 18:51:00,16.6,subscriptions,San Francisco,-1.51737405607728,False,True
14,2025-06-21 05:06:00,781.43,refund,Las Vegas,20.11397172061991,True,True
14,2025-06-28 15:44:00,146.13,entertainment,Chicago,2.1460651636912793,False,True
14,2025-07-04 13:34:00,5.3,fraud,Las Vegas,-1.8369669162902402,False,True
14,2025-07-05 06:10:00,11.85,bills,New York,-1.6517161875827278,False,True
14,2025-06-18 21:15:00,127.09,health,Austin,1.6075653355094424,False,True
15,2025-07-03 10:15:00,981.15,fraud,Dubai,12.784934922810617,True,True
15,2025-07-07 15:06:00,1469.04,electronics,Las Vegas,19.670725036253277,True,True
15,2025-06-26 11:51:00,12.57,food,Chicago,-0.8850287740847802,False,True
16,2025-06-16 13:43:00,7.18,bills,New York,-3.327559912808729,True,True
16,2025-06-24 05:16:00,5.84,electronics,Online,-3.398866519954654,True,True
16,2025-07-07 19:08:00,0.1,entertainment,Chicago,-3.7043142251916783,True,True
17,2025-06-23 02:14:00,137.78,education,Remote,3.3667777542945454,True,True
17,2025-06-24 00:16:00,16.92,shopping,Chicago,-2.6451414101493773,False,True
17,2025-06-21 09:29:00,126.28,bills,San Francisco,2.7947351397727425,False,True
17,2025-06-25 04:53:00,9.06,refund,Dubai,-3.036120101466018,True,True
17,2025-07-04 05:02:00,6.11,fraud,Las Vegas,-3.182861467799872,True,True
17,2025-07-06 17:34:00,7.4,bills,Chicago,-3.1186932093013393,True,True
17,2025-06-18 12:11:00,124.17,health,Remote,2.689777755717003,False,True
17,2025-06-30 20:45:00,15.27,transport,Austin,-2.727217089624245,False,True
17,2025-07-02 13:47:00,123.07,food,New York,2.6350606360670907,False,True
17,2025-06-19 12:43:00,126.92,education,Austin,2.8265705548417817,False,True
18,2025-06-29 12:55:00,597.87,luxury,Online,12.746395302850615,True,True
18,2025-06-27 16:24:00,10.9,shopping,New York,-1.465769215476663,False,True
18,2025-07-10 08:55:00,773.42,refund,Las Vegas,16.996945554468844,True,True
18,2025-06-19 10:03:00,6.0,electronics,Las Vegas,-1.5844117459974796,False,True
18,2025-06-17 08:16:00,9.81,entertainment,Chicago,-1.492161125327212,False,True
18,2025-06-30 00:14:00,1.91,education,Austin,-1.6834419398403653,False,True
18,2025-06-15 08:26:00,4.76,fraud,Dubai,-1.6144355700476452,False,True
18,2025-07-03 10:52:00,129.23,health,Remote,1.399326832794401,False,True
19,2025-06-28 21:50:00,137.35,bills,New York,3.2653701811639655,True,True
19,2025-06-27 07:26:00,133.65,shopping,Chicago,3.085155752165269,True,True
19,2025-07-01 09:53:00,131.22,food,Austin,2.9667987082553138,False,True
20,2025-06-26 14:17:00,-0.66,transport,Chicago,-3.484334342679363,True,True
20,2025-06-25 16:21:00,12.23,bills,New York,-2.8466384584111415,False,True
20,2025-06-19 15:15:00,6.84,refund,Dubai,-3.1132932928724073,True,True
20,2025-06-30 09:54:00,5.86,education,Remote,-3.161775990047183,True,True
21,2025-07-01 00:03:00,15.62,bills,Chicago,-2.6057494460718917,False,True
21,2025-07-08 22:21:00,127.95,transport,Remote,2.9045160327769657,False,True
21,2025-07-04 02:05:00,12.28,transport,Remote,-2.769590687942765,False,True
21,2025-06-27 11:11:00,12.89,food,New York,-2.7396675868825153,False,True
21,2025-06-27 05:06:00,5.3,fraud,Dubai,-3.11198945089447,True,True
21,2025-07-07 13:36:00,130.87,food,Chicago,3.047754483753897,True,True
21,2025-06-21 00:36:00,122.3,transport,New York,2.6273594409894105,False,True
21,2025-06-28 05:14:00,123.34,shopping,New York,2.678375875583934,False,True
22,2025-06-21 15:16:00,9.5,luxury,Dubai,-3.103641070861748,True,True
23,2025-06-22 11:55:00,14.3,transport,Remote,-1.6021772020258467,False,True
23,2025-06-29 09:30:00,13.6,entertainment,Chicago,-1.6214574501758805,False,True
23,2025-07-01 20:41:00,1.57,fraud,Las Vegas,-1.9528022862400356,False,True
23,2025-07-02 15:09:00,11.73,transport,Remote,-1.672963255948114,False,True
23,2025-06-15 22:35:00,130.05,bills,New York,1.5859495456404815,False,True
23,2025-06-27 12:28:00,10.3,entertainment,Austin,-1.7123500485974692,False,True
23,2025-07-12 10:41:00,809.27,fraud,Online,20.29384975773485,True,True
23,2025-06-20 20:18:00,3.91,fraud,Las Vegas,-1.8883511709956362,False,True
23,2025-07-10 13:28:00,136.75,transport,San Francisco,1.770489063647949,False,True
24,2025-06-15 17:09:00,15.53,entertainment,Remote,-0.7363832672632501,False,True
24,2025-07-10 10:58:00,799.29,refund,Dubai,9.256337770989367,True,True
24,2025-06-27 06:35:00,127.45,education,Chicago,0.6905654652584822,False,True
24,2025-07-01 17:39:00,15.24,food,Remote,-0.740080686244945,False,True
24,2025-06-15 23:25:00,1786.74,luxury,Dubai,21.84604940366078,True,True
24,2025-06-17 03:33:00,126.46,bills,Austin,0.677943241838213,False,True
24,2025-06-15 20:57:00,3.8,luxury,Las Vegas,-0.8859374902124989,False,True
24,2025-06-24 12:06:00,124.63,bills,Austin,0.654611253091655,False,True
25,2025-07-10 21:16:00,9.54,electronics,Online,-0.7091687193594276,False,True
25,2025-07-12 22:19:00,1.68,fraud,Dubai,-0.7959888488405675,False,True
25,2025-07-06 13:38:00,1225.32,luxury,Las Vegas,12.720115888856908,True,True
25,2025-07-12 14:50:00,4.0,luxury,Las Vegas,-0.7703625510802311,False,True
25,2025-06-25 06:19:00,1914.58,fraud,Dubai,20.333556403636877,True,True
26,2025-06-26 19:55:00,1741.45,electronics,Online,22.07141638894493,True,True
26,2025-06-18 23:01:00,8.58,luxury,Las Vegas,-0.864917148363366,False,True
26,2025-06-20 13:45:00,132.06,bills,Remote,0.7694688501170904,False,True
26,2025-07-11 15:05:00,694.79,electronics,Online,8.217784633441573,True,True
26,2025-07-07 14:03:00,12.87,subscriptions,Remote,-0.8081345444317077,False,True
27,2025-06-30 21:16:00,117.54,transport,New York,0.6030788709154238,False,True
27,2025-06-15 04:40:00,115.55,health,New York,0.5761981640251523,False,True
27,2025-06-23 19:46:00,22.94,shopping,Chicago,-0.6747677983406927,False,True
27,2025-06-18 10:37:00,23.24,transport,Austin,-0.6707154304677875,False,True
27,2025-06-24 14:42:00,17.72,entertainment,San Francisco,-0.7452789993292437,False,True
27,2025-06-27 20:40:00,119.51,bills,New York,0.6296894199475015,False,True
27,2025-07-07 14:29:00,116.32,subscriptions,San Francisco,0.586599241565609,False,True
27,2025-06-24 00:28:00,22.18,shopping,Chicago,-0.6850337969520526,False,True
27,2025-06-13 04:56:00,121.43,bills,Austin,0.6556245743340949,False,True
27,2025-07-10 14:23:00,116.51,subscriptions,New York,0.5891657412184491,False,True
27,2025-07-01 04:11:00,16.69,entertainment,Austin,-0.7591921290262182,False,True
27,2025-07-07 05:54:00,120.69,subscriptions,San Francisco,0.6456287335809286,False,True
27,2025-06-28 11:01:00,124.75,health,Austin,0.7004707787942461,False,True
27,2025-06-18 03:22:00,1826.13,fraud,Online,23.68252961747259,True,True
27,2025-07-05 12:14:00,135.3,entertainment,New York,0.8429790489914136,False,True
28,2025-07-06 06:09:00,3.74,luxury,Las Vegas,-3.399338724330686,True,True
28,2025-06-14 21:55:00,133.83,health,Austin,3.1431357006012317,True,True
28,2025-07-04 07:38:00,132.65,health,New York,3.083791248134326,True,True
28,2025-06-19 04:47:00,4.86,luxury,Online,-3.343011786395996,True,True
28,2025-06-19 05:48:00,18.52,education,Austin,-2.656024311228266,False,True
28,2025-06-21 18:32:00,10.2,subscriptions,Chicago,-3.074452993028816,True,True
29,2025-06-25 12:50:00,14.13,health,Remote,-2.783184457112208,False,True
29,2025-07-06 04:11:00,9.44,luxury,Las Vegas,-3.013179531670453,True,True
29,2025-07-02 06:00:00,130.38,food,Austin,2.917652945317633,False,True
29,2025-06-16 09:34:00,132.98,bills,Austin,3.0451555452859562,True,True
29,2025-06-18 02:54:00,126.62,subscriptions,Chicago,2.7332645699788274,False,True
29,2025-06-15 17:29:00,128.42,shopping,Austin,2.8215356007261274,False,True
29,2025-07-04 16:46:00,1.54,health,Remote,-3.4005912777280503,True,True
30,2025-06-23 15:49:00,124.23,bills,Chicago,1.041558351468477,False,True
30,2025-06-15 12:04:00,966.13,electronics,Dubai,17.93894065514362,True,True
30,2025-07-02 12:08:00,15.55,health,Chicago,-1.1397072486781141,False,True
30,2025-07-03 09:52:00,126.84,food,New York,1.0939424443685746,False,True
30,2025-07-06 00:29:00,2.13,fraud,Dubai,-1.4090538106395352,False,True
30,2025-06-14 01:45:00,3.87,bills,San Francisco,-1.3741310820394699,False,True
30,2025-07-01 02:25:00,12.05,shopping,New York,-1.209954116551808,False,True
30,2025-06-27 10:18:00,748.66,refund,Online,13.574201696145838,True,True
30,2025-06-16 22:50:00,4.71,fraud,Online,-1.3572718337497836,False,True
31,2025-06-19 19:49:00,10.95,bills,Austin,-0.9528155490081073,False,True
31,2025-07-03 19:07:00,1581.68,refund,Dubai,23.340480877591418,True,True
31,2025-06-22 09:44:00,5.55,refund,Dubai,-1.0363332768821771,False,True
31,2025-07-02 01:33:00,11.07,entertainment,New York,-0.9509595994997947,False,True
31,2025-07-03 04:36:00,129.11,bills,Chicago,0.8746760668437579,False,True
32,2025-07-08 20:03:00,129.68,education,San Francisco,0.7540658526526723,False,True
32,2025-07-01 15:07:00,8.6,food,Remote,-0.8494644407247088,False,True
32,2025-06-21 20:07:00,127.91,subscriptions,Austin,0.730624750742547,False,True
32,2025-07-03 03:00:00,130.02,shopping,Chicago,0.7585686631890807,False,True
32,2025-06-27 13:54:00,131.54,entertainment,Austin,0.7786988749989054,False,True
32,2025-06-29 20:47:00,1854.71,refund,Las Vegas,23.599604851535922,True,True
32,2025-07-03 05:49:00,127.63,shopping,Chicago,0.7269165538302108,False,True
33,2025-07-01 05:15:00,123.87,subscriptions,Remote,2.7166533719076,False,True
33,2025-06-27 05:54:00,129.42,transport,Austin,2.9950195942466835,False,True
33,2025-07-02 05:43:00,8.05,luxury,Dubai,-3.092423361662272,True,True
33,2025-07-04 01:18:00,121.69,food,San Francisco,2.6073131260158506,False,True
33,2025-06-20 01:47:00,2.77,education,Austin,-3.3572474434551305,True,True
34,2025-07-09 11:49:00,554.19,luxury,Dubai,16.979742243500322,True,True
34,2025-06-25 01:08:00,9.61,fraud,Dubai,-2.1728495114271937,False,True
34,2025-07-09 17:11:00,9.3,bills,Remote,-2.1837520481417765,False,True
34,2025-07-03 16:45:00,136.07,shopping,San Francisco,2.2746820786571527,False,True
35,2025-07-10 15:20:00,132.42,education,Austin,1.198091539785976,False,True
35,2025-06-18 07:59:00,6.19,subscriptions,San Francisco,-1.255060275562055,False,True
35,2025-06-18 20:46:00,1215.98,fraud,Las Vegas,22.255979371826797,True,True
35,2025-06-13 15:12:00,144.91,entertainment,Chicago,1.4408220014329451,False,True
36,2025-06-25 05:14:00,123.69,entertainment,Chicago,0.35488642717921515,False,True
36,2025-07-04 17:54:00,124.35,transport,Remote,0.360425459474099,False,True
36,2025-07-07 02:16:00,126.3,education,Austin,0.3767907821635286,False,True
36,2025-07-02 16:37:00,134.27,education,San Francisco,0.4436787933608385,False,True
36,2025-07-04 15:22:00,1574.37,electronics,Las Vegas,12.529679411333957,True,True
36,2025-06-22 21:49:00,1710.65,fraud,Online,13.673405655495738,True,True
36,2025-06-19 12:59:00,126.83,bills,Chicago,0.3812387929457839,False,True
36,2025-06-21 20:10:00,16.55,transport,Remote,-0.5442831486902662,False,True
36,2025-06-28 05:50:00,19.37,education,New York,-0.5206163743393987,False,True
36,2025-07-12 11:43:00,123.04,entertainment,Chicago,0.34943131961607204,False,True
36,2025-06-20 02:31:00,1805.64,refund,Las Vegas,14.470606682300312,True,True
36,2025-06-25 13:03:00,125.29,entertainment,San Francisco,0.36831438425772156,False,True
36,2025-06-18 14:41:00,734.58,refund,Dubai,5.48176436448468,True,True
36,2025-06-19 05:46:00,20.53,subscriptions,New York,-0.5108811054574817,False,True
36,2025-06-29 19:37:00,18.81,health,San Francisco,-0.5253161593168759,False,True
36,2025-07-03 16:31:00,17.94,subscriptions,Chicago,-0.5326176109783138,False,True
36,2025-07-09 19:55:00,20.37,food,New York,-0.5122239011653322,False,True
37,2025-07-12 17:14:00,6.41,refund,Dubai,-3.1623141190013144,True,True
37,2025-06-26 01:52:00,11.31,shopping,Chicago,-2.9126761004978836,False,True
37,2025-06-25 13:59:00,13.58,transport,New York,-2.79702746743609,False,True
37,2025-07-06 14:11:00,126.9,entertainment,Austin,2.9762338094636607,False,True
38,2025-06-18 12:33:00,119.15,shopping,San Francisco,1.26102250480539,False,True
38,2025-06-16 22:33:00,118.44,transport,San Francisco,1.2424043311048432,False,True
38,2025-06-30 07:54:00,877.39,refund,Dubai,21.144183105794923,True,True
38,2025-07-09 18:55:00,121.13,shopping,Chicago,1.3129436089280413,False,True
38,2025-07-08 10:47:00,4.78,transport,New York,-1.738076827774233,False,True
38,2025-06-20 19:04:00,126.67,bills,San Francisco,1.458217809352026,False,True
38,2025-07-11 18:39:00,20.58,bills,Remote,-1.323756905987418,False,True
38,2025-07-06 14:05:00,20.82,health,Chicago,-1.3174634388210358,False,True
38,2025-06-19 03:02:00,6.83,shopping,San Francisco,-1.6843201290613867,False,True
38,2025-06-17 03:14:00,127.19,health,Remote,1.471853654879187,False,True
38,2025-07-03 01:19:00,11.48,bills,Austin,-1.5623842027127353,False,True
39,2025-06-27 23:32:00,8.96,subscriptions,Chicago,-2.9913657446301305,False,True
39,2025-06-23 17:32:00,124.67,shopping,Remote,2.753568210485918,False,True
39,2025-06-20 22:55:00,9.0,entertainment,Remote,-2.9893797679798437,False,True
39,2025-06-24 05:58:00,131.71,entertainment,Chicago,3.1031001009363286,True,True
39,2025-06-26 01:36:00,12.31,transport,Chicago,-2.8250402001686425,False,True
40,2025-07-11 08:28:00,125.9,food,Austin,2.797319349158373,False,True
40,2025-07-12 05:20:00,127.0,health,Remote,2.852323910943395,False,True
40,2025-06-21 21:37:00,-8.89,education,Remote,-3.942739635389889,True,True
40,2025-06-16 02:33:00,1.12,electronics,Online,-3.4421981231461904,True,True
40,2025-06-28 14:44:00,12.2,shopping,Austin,-2.888152173529789,False,True
41,2025-06-21 19:24:00,17.82,food,Remote,-0.5833289152421225,False,True
41,2025-06-25 08:31:00,920.74,luxury,Online,8.28565668025808,True,True
41,2025-06-26 07:21:00,1375.11,electronics,Dubai,12.748733126706743,True,True
41,2025-06-23 18:25:00,1974.16,electronics,Dubai,18.63293750913752,True,True
41,2025-06-25 23:14:00,133.25,entertainment,Chicago,0.5504891498008364,False,True
41,2025-06-18 04:23:00,19.77,health,Austin,-0.564174923846179,False,True
41,2025-06-21 15:06:00,124.45,health,Remote,0.4640506245268345,False,True
42,2025-07-02 06:51:00,5.6,refund,Las Vegas,-1.4512976225844023,False,True
42,2025-06-30 21:25:00,8.43,shopping,Chicago,-1.3900736932331292,False,True
42,2025-06-17 05:11:00,1087.63,refund,Las Vegas,21.957228269980266,True,True
42,2025-06-15 01:38:00,128.35,subscriptions,New York,1.2042632706554455,False,True
42,2025-06-29 09:08:00,3.38,luxury,Dubai,-1.4993248745843408,False,True
42,2025-06-21 15:49:00,11.98,shopping,Austin,-1.313273357827822,False,True
43,2025-06-16 10:20:00,4.22,fraud,Dubai,-3.0547406127158387,True,True
43,2025-06-16 17:55:00,6.47,luxury,Dubai,-2.94892633546835,False,True
43,2025-06-30 00:56:00,9.02,entertainment,New York,-2.829003487921196,False,True
43,2025-06-19 15:21:00,130.78,shopping,Chicago,2.897194911036243,False,True
43,2025-07-09 00:54:00,-4.27,health,Chicago,-3.454013152196363,True,True
44,2025-07-01 11:14:00,123.41,education,Chicago,0.9742859486396628,False,True
44,2025-06-17 01:35:00,15.85,shopping,New York,-1.0331622224835229,False,True
44,2025-07-10 04:29:00,1.21,fraud,Dubai,-1.3063961498286647,False,True
44,2025-07-01 21:42:00,127.98,bills,Chicago,1.0595782333368826,False,True
44,2025-06-15 22:47:00,1292.87,fraud,Dubai,22.80052561209932,True,True
45,2025-07-08 03:05:00,122.45,entertainment,Remote,2.69896547772624,False,True
45,2025-06-22 22:31:00,125.27,transport,Austin,2.8420759690909803,False,True
45,2025-06-30 19:53:00,7.97,fraud,Dubai,-3.1107114908679003,True,True
45,2025-06-28 01:37:00,13.47,shopping,New York,-2.8315952843054633,False,True
45,2025-06-15 06:15:00,136.74,entertainment,Austin,3.4241601307766447,True,True
45,2025-07-05 09:57:00,125.99,entertainment,Chicago,2.878614817950063,False,True
46,2025-06-25 09:58:00,1687.9,luxury,Dubai,15.956146759961198,True,True
46,2025-06-16 18:03:00,9.08,food,San Francisco,-0.6533202579217285,False,True
46,2025-07-10 08:18:00,124.71,shopping,Austin,0.49066937246020803,False,True
46,2025-07-08 18:38:00,1893.73,fraud,Online,17.99253338645531,True,True
46,2025-06-23 13:50:00,10.29,transport,San Francisco,-0.6413490787055898,False,True
46,2025-07-08 01:22:00,8.93,electronics,Online,-0.654804288403068,False,True
46,2025-07-10 13:58:00,145.7,shopping,San Francisco,0.6983347044823204,False,True
46,2025-06-18 06:41:00,123.78,subscriptions,New York,0.481468383475903,False,True
46,2025-06-26 08:35:00,128.18,subscriptions,San Francisco,0.5249999442618628,False,True
46,2025-06-13 18:34:00,6.25,electronics,Las Vegas,-0.6813189663363345,False,True
46,2025-06-13 04:51:00,3.98,fraud,Las Vegas,-0.7037772942872728,False,True
47,2025-06-22 20:16:00,7.08,electronics,Dubai,-1.192870347913852,False,True
47,2025-06-27 03:36:00,6.68,refund,Online,-1.200263237672168,False,True
47,2025-06-21 01:25:00,-0.33,health,San Francisco,-1.3298236306866582,False,True
47,2025-07-10 22:21:00,1295.04,fraud,Online,22.61149538488823,True,True
48,2025-06-26 07:09:00,14.84,subscriptions,Austin,-0.8181718980098526,False,True
48,2025-06-25 21:16:00,125.18,transport,San Francisco,0.7666778155293291,False,True
48,2025-06-20 08:00:00,2.46,electronics,Online,-0.995989910096268,False,True
48,2025-06-28 04:45:00,1708.67,refund,Online,23.510865534327216,True,True
48,2025-06-19 19:18:00,4.99,refund,Las Vegas,-0.9596506879170571,False,True
49,2025-07-08 20:03:00,5.65,luxury,Las Vegas,-3.1134031023689186,True,True
49,2025-07-09 17:29:00,6.5,refund,Las Vegas,-3.07200701796089,True,True
49,2025-07-06 23:11:00,130.91,shopping,Remote,2.9869187011012848,False,True
49,2025-07-10 14:56:00,11.78,bills,Austin,-2.8148642818733705,False,True
49,2025-06-21 03:04:00,5.42,fraud,Online,-3.124604395796973,True,True
50,2025-06-20 16:54:00,14.48,bills,San Francisco,-0.638490834264017,False,True
50,2025-06-21 02:36:00,128.94,bills,Chicago,0.6082479008315216,False,True
50,2025-06-30 10:58:00,3.3,electronics,Dubai,-0.7602673418506685,False,True
50,2025-07-08 18:10:00,122.18,shopping,New York,0.5346155939186626,False,True
50,2025-07-01 23:44:00,120.66,transport,Austin,0.5180592172163629,False,True
50,2025-07-12 12:52:00,1619.48,luxury,Dubai,16.843735880993187,True,True
50,2025-06-30 03:14:00,7.85,refund,Dubai,-0.7107071352747057,False,True
50,2025-07-06 14:39:00,1642.6,fraud,Online,17.095567084517636,True,True
50,2025-06-25 08:03:00,119.22,shopping,Austin,0.5023742287615528,False,True
50,2025-06-15 10:06:00,6.45,fraud,Dubai,-0.7259564296057711,False,True
51,2025-06-22 00:44:00,2.81,refund,Las Vegas,-3.2828578236276083,True,True
51,2025-07-10 17:32:00,133.87,transport,San Francisco,3.189877917645948,True,True
51,2025-06-26 20:13:00,1.74,electronics,Dubai,-3.3357025301983603,True,True
51,2025-06-24 01:27:00,130.31,education,New York,3.0140581462516716,True,True
51,2025-07-07 11:25:00,127.94,education,Chicago,2.8970095905762685,False,True
52,2025-07-06 05:44:00,18.29,transport,Remote,-1.4273737724676427,False,True
52,2025-07-03 09:26:00,19.15,subscriptions,Austin,-1.4046818953783935,False,True
52,2025-06-21 07:47:00,8.94,health,Chicago,-1.6740819710542472,False,True
52,2025-07-06 09:34:00,874.1,fraud,Dubai,21.15394638073042,True,True
52,2025-06-18 17:19:00,127.71,food,Remote,1.4597717985854322,False,True
52,2025-06-19 00:10:00,122.59,health,Remote,1.3246759721936234,False,True
53,2025-06-14 02:57:00,5.06,refund,Online,-3.209726255995127,True,True
53,2025-06-19 16:56:00,-4.38,subscriptions,Austin,-3.670898404369278,True,True
53,2025-07-09 01:38:00,132.21,health,Chicago,3.001930382328312,True,True
54,2025-06-18 20:15:00,2.47,fraud,Online,-0.9829920855350667,False,True
54,2025-06-17 00:58:00,12.96,shopping,Chicago,-0.8384251045218357,False,True
54,2025-06-21 23:39:00,130.62,health,New York,0.7830954851842417,False,True
54,2025-07-10 00:20:00,13.66,shopping,Austin,-0.828778118181582,False,True
54,2025-06-20 22:07:00,131.01,shopping,New York,0.7884702347166685,False,True
54,2025-06-30 13:47:00,632.51,refund,Dubai,7.699846877055592,True,True
54,2025-06-18 23:48:00,9.06,luxury,Dubai,-0.8921725998461064,False,True
54,2025-06-19 11:57:00,127.79,education,New York,0.7440940975515016,False,True
54,2025-07-07 12:04:00,1683.56,electronics,Dubai,22.18479686694657,True,True
55,2025-06-22 19:52:00,10.14,health,Remote,-3.0324298457369667,True,True
55,2025-06-30 04:46:00,6.27,subscriptions,Austin,-3.229021538849974,True,True
55,2025-06-20 08:21:00,130.2,food,Austin,3.0664845406060826,True,True
55,2025-07-01 09:36:00,9.02,luxury,Online,-3.0893245992993874,True,True
55,2025-06-26 15:55:00,14.02,education,Chicago,-2.835330163752867,False,True
56,2025-07-03 04:30:00,12.39,education,Chicago,-0.7781236723967404,False,True
56,2025-07-10 13:29:00,13.8,entertainment,Austin,-0.7601387124305147,False,True
56,2025-07-01 23:28:00,127.45,education,Remote,0.6895000820103071,False,True
56,2025-06-30 01:20:00,14.47,health,Chicago,-0.7515926676238683,False,True
56,2025-06-15 05:20:00,1926.18,refund,Dubai,23.632824223889227,True,True
57,2025-06-29 01:13:00,5.3,health,Austin,-2.925598221564384,False,True
57,2025-06-20 10:53:00,8.64,food,Austin,-2.769897629141509,False,True
57,2025-06-29 04:33:00,130.56,food,New York,2.9136401637318046,False,True
57,2025-06-15 23:38:00,8.28,refund,Las Vegas,-2.7866797289236156,False,True
57,2025-06-17 23:48:00,5.67,luxury,Las Vegas,-2.9083499523438854,False,True
57,2025-07-11 14:15:00,7.05,fraud,Las Vegas,-2.844018569845812,False,True
58,2025-07-09 10:48:00,136.4,shopping,Austin,3.29902521176622,True,True
58,2025-06-28 20:03:00,8.73,electronics,Dubai,-3.062603374993716,True,True
58,2025-07-04 12:32:00,123.81,food,Austin,2.671682030852085,False,True
58,2025-06-24 18:22:00,10.24,transport,Austin,-2.987362056234356,False,True
58,2025-07-07 09:24:00,126.18,subscriptions,New York,2.7897760212227367,False,True
58,2025-07-12 22:10:00,16.97,entertainment,San Francisco,-2.652014986532042,False,True
58,2025-07-01 07:50:00,9.96,electronics,Online,-3.0013140888519856,True,True
58,2025-06-13 05:54:00,124.74,education,Remote,2.718022710617783,False,True
58,2025-07-06 04:21:00,15.23,food,Austin,-2.7387169035130268,False,True
58,2025-07-04 23:24:00,4.29,refund,Las Vegas,-3.2838427493589863,True,True
58,2025-07-08 00:27:00,123.57,education,Austin,2.659723145751259,False,True
59,2025-07-08 08:42:00,13.16,subscriptions,Remote,-2.795360816770201,False,True
59,2025-06-21 13:57:00,17.27,transport,Chicago,-2.591293368038489,False,True
59,2025-06-29 19:55:00,125.85,shopping,Austin,2.79986078847959,False,True
59,2025-06-24 12:40:00,12.45,transport,Austin,-2.8306133444099855,False,True
59,2025-07-06 03:33:00,17.71,education,Chicago,-2.569446731191298,False,True
59,2025-07-02 21:40:00,3.4,shopping,Remote,-3.2799589431987917,True,True
59,2025-06-15 03:38:00,124.55,shopping,Austin,2.7353139068856174,False,True
59,2025-06-13 08:49:00,122.52,shopping,Remote,2.634521468704261,False,True
59,2025-06-19 09:32:00,-3.35,food,San Francisco,-3.615106213013647,True,True
59,2025-07-08 23:02:00,3.43,refund,Las Vegas,-3.2784693997773924,True,True
59,2025-06-24 14:08:00,1.34,refund,Las Vegas,-3.3822409248015477,True,True
60,2025-07-07 01:05:00,7.2,luxury,Online,-3.161560732717442,True,True
60,2025-07-11 11:50:00,9.2,health,Chicago,-3.061661323891386,True,True
60,2025-06-26 11:25:00,7.93,education,San Francisco,-3.1250974484959317,True,True
60,2025-06-23 09:57:00,6.13,luxury,Las Vegas,-3.2150069164393824,True,True
60,2025-06-14 17:28:00,10.87,transport,Chicago,-2.9782453175216297,False,True
60,2025-06-16 09:28:00,127.6,entertainment,San Francisco,2.8523836786111274,False,True
61,2025-06-26 07:02:00,0.54,bills,Remote,-1.7894011880766032,False,True
61,2025-07-06 22:58:00,723.11,fraud,Las Vegas,16.142597944613346,True,True
61,2025-06-27 17:45:00,3.83,subscriptions,Remote,-1.7077533516779846,False,True
61,2025-07-01 21:25:00,632.91,luxury,Las Vegas,13.904107110827505,True,True
61,2025-06-15 17:17:00,8.24,electronics,Online,-1.598310507143666,False,True
61,2025-06-14 07:58:00,9.38,subscriptions,New York,-1.5700191595769712,False,True
61,2025-06-24 01:38:00,18.14,health,Remote,-1.3526224888013179,False,True
61,2025-07-07 17:40:00,128.83,transport,Remote,1.3943680920385324,False,True
62,2025-06-22 04:08:00,1642.07,refund,Dubai,23.407110907277566,True,True
62,2025-07-03 10:57:00,11.47,education,Chicago,-0.9316223817182555,False,True
62,2025-07-01 00:13:00,125.86,education,Chicago,0.7757906569964704,False,True
62,2025-06-21 04:31:00,139.59,bills,Austin,0.9807279856226895,False,True
63,2025-07-11 23:57:00,131.22,food,Remote,0.7690336120016217,False,True
63,2025-07-03 17:24:00,1905.63,electronics,Online,23.655799095331343,True,True
63,2025-07-05 23:15:00,131.15,transport,Chicago,0.7681307352235192,False,True
63,2025-06-14 04:40:00,-0.84,transport,New York,-0.934307921087418,False,True
63,2025-06-25 18:56:00,12.25,transport,New York,-0.765469963582227,False,True
63,2025-06-14 21:27:00,9.25,shopping,New York,-0.8041646826437681,False,True
64,2025-07-11 05:41:00,137.99,health,Austin,1.3014615192826218,False,True
64,2025-07-07 09:10:00,12.18,food,San Francisco,-1.1985381280531935,False,True
64,2025-06-15 13:34:00,141.24,shopping,Remote,1.3660430219759003,False,True
64,2025-07-06 13:17:00,1206.12,fraud,Online,22.52652012598164,True,True
64,2025-06-30 22:21:00,16.18,transport,Chicago,-1.1190532016614658,False,True
64,2025-07-06 18:55:00,134.5,education,New York,1.2321109210058392,False,True
65,2025-06-20 21:22:00,8.65,luxury,Las Vegas,-3.182362875654045,True,True
65,2025-07-04 15:54:00,129.76,entertainment,Chicago,3.0751758110866874,True,True
65,2025-06-16 03:13:00,16.64,transport,New York,-2.769533760741499,False,True
65,2025-07-02 23:21:00,16.23,subscriptions,Remote,-2.7907177328458976,False,True
65,2025-06-26 06:24:00,5.0,bills,Chicago,-3.3709518956078366,True,True
66,2025-06-29 04:24:00,120.92,health,Remote,2.5655980999282546,False,True
66,2025-06-25 09:29:00,15.47,food,Remote,-2.770280970507172,False,True
66,2025-07-10 21:36:00,15.86,food,Remote,-2.750546567117226,False,True
66,2025-07-05 14:59:00,123.56,subscriptions,Austin,2.69918483056789,False,True
66,2025-07-10 00:52:00,121.88,entertainment,New York,2.6141750928881216,False,True
66,2025-06-25 15:17:00,16.02,food,San Francisco,-2.742450401623915,False,True
66,2025-06-17 11:05:00,9.08,shopping,Chicago,-3.093621579896289,True,True
67,2025-06-22 05:21:00,123.71,bills,Chicago,0.43959114462794124,False,True
67,2025-06-14 08:02:00,863.7,electronics,Dubai,7.483366868151054,True,True
67,2025-07-11 20:40:00,5.0,refund,Dubai,-0.6903790119139428,False,True
67,2025-07-07 17:30:00,14.98,subscriptions,New York,-0.5953819420606195,False,True
67,2025-06-22 00:14:00,125.34,food,San Francisco,0.45510669812101917,False,True
67,2025-07-12 03:12:00,986.09,refund,Las Vegas,8.648366004358293,True,True
67,2025-06-26 09:26:00,3.52,electronics,Las Vegas,-0.7044667537358785,False,True
67,2025-06-14 21:24:00,1466.5,refund,Online,13.221266037247572,True,True
67,2025-06-28 04:02:00,9.17,luxury,Dubai,-0.6506858474561914,False,True
67,2025-07-08 00:33:00,1818.93,fraud,Online,16.575957152318384,True,True
67,2025-06-13 11:27:00,13.35,bills,Austin,-0.6108974955536974,False,True
67,2025-06-16 14:45:00,139.2,food,Austin,0.5870364965345521,False,True
67,2025-07-08 10:33:00,125.44,food,Chicago,0.4560585725684472,False,True
68,2025-06-23 22:57:00,13.11,education,New York,-2.7436126549024533,False,True
68,2025-07-02 06:44:00,130.85,education,San Francisco,2.8698317192487055,False,True
68,2025-06-23 09:42:00,6.18,shopping,Remote,-3.0740115806105184,True,True
69,2025-07-05 03:17:00,15.26,health,New York,-0.840650898635396,False,True
69,2025-06-21 11:57:00,1011.11,fraud,Dubai,13.466873459184034,True,True
69,2025-06-24 08:01:00,11.07,food,Remote,-0.9008492488480419,False,True
69,2025-06-15 21:34:00,7.67,luxury,Dubai,-0.9496975521232198,False,True
69,2025-07-04 00:18:00,1421.42,fraud,Online,19.361857964136476,True,True
69,2025-06-22 02:53:00,19.6,education,Austin,-0.7782974762194333,False,True
69,2025-07-07 04:32:00,-6.4,transport,Chicago,-1.1518433247943245,False,True
69,2025-07-12 17:25:00,118.77,food,San Francisco,0.6464925931333334,False,True
69,2025-07-02 04:24:00,20.73,food,San Francisco,-0.7620625989544476,False,True
69,2025-07-10 14:24:00,121.59,education,New York,0.6870079505556871,False,True
69,2025-06-16 22:28:00,117.13,education,New York,0.622930470377071,False,True
69,2025-06-24 21:22:00,118.64,health,Austin,0.644624863890459,False,True
70,2025-07-10 13:36:00,127.88,bills,Chicago,0.6912799914471013,False,True
70,2025-06-13 01:32:00,-2.33,shopping,San Francisco,-0.9613267181463533,False,True
70,2025-07-02 20:31:00,4.71,fraud,Online,-0.8719760443460468,False,True
70,2025-06-25 10:03:00,919.97,fraud,Online,10.744373061118244,True,True
70,2025-06-15 20:10:00,12.56,food,San Francisco,-0.7723449663158753,False,True
70,2025-07-09 16:06:00,127.2,subscriptions,Chicago,0.6826495286368445,False,True
70,2025-06-29 09:59:00,1734.64,refund,Online,21.084048263518213,True,True
70,2025-07-01 09:37:00,12.86,shopping,Austin,-0.7685374091937032,False,True
71,2025-06-17 03:13:00,15.6,health,San Francisco,-2.7723886124229846,False,True
71,2025-07-12 01:20:00,16.1,entertainment,Austin,-2.746876729638438,False,True
71,2025-06-21 21:28:00,14.73,transport,Remote,-2.8167792884680956,False,True
71,2025-06-25 08:26:00,15.03,bills,Remote,-2.8014721587973677,False,True
71,2025-06-30 04:04:00,4.96,fraud,Dubai,-3.3152814780781372,True,True
71,2025-06-23 15:44:00,7.51,shopping,Chicago,-3.1851708758769495,True,True
72,2025-07-06 14:14:00,9.47,subscriptions,Austin,-3.084004198859647,True,True
73,2025-06-25 22:02:00,10.62,bills,Remote,-2.8496077452463444,False,True
73,2025-06-15 19:41:00,6.01,food,Remote,-3.072557542126095,True,True
73,2025-06-21 17:35:00,8.27,bills,Remote,-2.9632589432219225,False,True
73,2025-06-22 00:55:00,6.68,health,San Francisco,-3.040154860150079,True,True
73,2025-06-25 10:52:00,4.49,refund,Las Vegas,-3.146068104220937,True,True
74,2025-07-03 17:06:00,11.74,bills,Austin,-2.927725085630745,False,True
74,2025-06-16 08:55:00,128.91,entertainment,Remote,2.9780851768967107,False,True
74,2025-07-03 06:47:00,0.7,shopping,San Francisco,-3.4841827565217844,True,True
75,2025-06-28 10:24:00,11.04,subscriptions,Chicago,-2.077136418711318,False,True
75,2025-07-03 22:47:00,570.25,fraud,Las Vegas,17.41259320448002,True,True
75,2025-07-05 13:41:00,7.23,bills,Remote,-2.2099235109742583,False,True
75,2025-06-22 09:19:00,123.35,shopping,Remote,1.8371203613545235,False,True
75,2025-06-24 18:37:00,145.32,shopping,Remote,2.602824407815627,False,True
75,2025-07-05 16:37:00,124.34,entertainment,San Francisco,1.8716240939897761,False,True
76,2025-06-17 20:50:00,122.74,food,San Francisco,2.709114082807755,False,True
76,2025-07-09 12:10:00,128.32,health,New York,2.999321789861005,False,True
77,2025-06-15 02:21:00,10.27,shopping,New York,-1.5646586792402732,False,True
77,2025-06-27 09:48:00,132.73,transport,New York,1.5396234531606514,False,True
77,2025-07-04 09:11:00,9.32,luxury,Online,-1.5887405674142145,False,True
77,2025-06-14 13:50:00,13.83,bills,Chicago,-1.4744149719779238,False,True
77,2025-06-23 19:38:00,125.78,food,Chicago,1.36344542915129,False,True
77,2025-06-15 19:55:00,138.87,subscriptions,Austin,1.6952684988322317,False,True
77,2025-06-29 12:26:00,905.12,refund,Las Vegas,21.11921251281401,True,True
77,2025-07-03 10:05:00,128.92,transport,San Francisco,1.4430424069051595,False,True
78,2025-06-21 21:50:00,13.76,shopping,San Francisco,-2.787510072027322,False,True
78,2025-07-02 15:55:00,130.23,food,Austin,3.089351436967485,True,True
78,2025-07-01 04:48:00,128.98,health,San Francisco,3.026278741112385,True,True
78,2025-06-17 23:09:00,18.08,shopping,Austin,-2.5695308351520962,False,True
78,2025-07-03 13:20:00,19.27,food,New York,-2.509485628698041,False,True
78,2025-06-28 21:47:00,4.21,health,Remote,-3.269385468360287,True,True
78,2025-06-15 11:18:00,8.63,luxury,Online,-3.0463604158166526,True,True
78,2025-07-02 03:08:00,6.99,bills,Austin,-3.129111792778544,True,True
78,2025-07-02 08:36:00,125.88,transport,Austin,2.869858455391737,False,True
79,2025-06-22 23:44:00,6.6,shopping,Austin,-3.102482607949264,True,True
79,2025-07-07 21:24:00,13.4,entertainment,Austin,-2.771120884058897,False,True
79,2025-07-01 11:43:00,4.81,refund,Online,-3.1897087087968754,True,True
79,2025-06-14 19:34:00,15.16,subscriptions,New York,-2.6853566731696255,False,True
79,2025-06-28 14:24:00,11.97,bills,San Francisco,-2.84080430540643,False,True
79,2025-06-13 14:10:00,9.15,fraud,Las Vegas,-2.978221961490376,False,True
79,2025-06-21 11:57:00,125.25,entertainment,New York,2.6792921772848626,False,True
79,2025-06-22 18:45:00,14.45,education,Chicago,-2.719954735517002,False,True
79,2025-06-24 04:29:00,137.16,entertainment,Remote,3.259662490745785,True,True
80,2025-06-13 01:35:00,124.23,transport,Chicago,2.8989703194959695,False,True
80,2025-06-25 13:14:00,8.53,luxury,Dubai,-3.306187331966878,True,True
80,2025-06-15 07:48:00,125.4,bills,Chicago,2.961719104735481,False,True
80,2025-07-08 05:28:00,13.18,subscriptions,New York,-3.0568011342201,True,True
80,2025-06-14 19:41:00,12.79,bills,Austin,-3.077717395966604,True,True
80,2025-06-20 12:11:00,18.42,health,Austin,-2.7757723866516875,False,True
81,2025-06-29 10:20:00,127.83,subscriptions,Austin,1.0161346494063843,False,True
81,2025-07-01 12:29:00,0.14,health,San Francisco,-1.3746231763000492,False,True
81,2025-06-21 02:12:00,901.93,refund,Las Vegas,15.50971780297636,True,True
81,2025-06-25 20:41:00,7.3,electronics,Online,-1.2405654894642903,False,True
81,2025-06-14 15:03:00,146.9,food,San Francisco,1.3731849410206196,False,True
81,2025-06-13 09:38:00,952.46,electronics,Dubai,16.455798098480678,True,True
81,2025-06-18 20:44:00,124.42,education,Austin,0.9522887398938231,False,True
81,2025-06-28 14:52:00,11.79,education,San Francisco,-1.1564985880826482,False,True
82,2025-06-20 00:00:00,1760.22,refund,Online,23.459184535845772,True,True
82,2025-06-30 05:58:00,10.22,entertainment,Remote,-0.8565371624404006,False,True
82,2025-07-09 16:54:00,11.95,subscriptions,Austin,-0.8324993347043804,False,True
82,2025-07-12 01:26:00,9.5,entertainment,Chicago,-0.8665413450819811,False,True
82,2025-06-15 01:54:00,12.67,health,San Francisco,-0.8224951520627999,False,True
82,2025-07-01 04:07:00,130.19,health,Chicago,0.8104097702129663,False,True
83,2025-07-07 15:40:00,11.95,bills,Chicago,-1.4029875008471286,False,True
83,2025-07-02 03:34:00,126.63,transport,Austin,1.2942043616625996,False,True
83,2025-07-05 19:56:00,4.26,fraud,Dubai,-1.5838508198452086,False,True
83,2025-06-18 06:19:00,983.11,refund,Dubai,21.438003510619108,True,True
83,2025-06-25 12:00:00,134.56,food,Remote,1.4807123096021022,False,True
83,2025-07-05 21:38:00,6.37,fraud,Las Vegas,-1.5342251237352023,False,True
83,2025-06-14 03:10:00,134.74,transport,San Francisco,1.4849457813081695,False,True
84,2025-07-02 01:15:00,129.25,transport,San Francisco,0.7939277208415322,False,True
84,2025-07-08 23:57:00,1739.93,fraud,Online,23.439633400474943,True,True
84,2025-07-12 09:45:00,3.9,subscriptions,Austin,-0.9684578597468206,False,True
84,2025-06-20 14:55:00,9.19,food,New York,-0.8940819545109819,False,True
84,2025-06-15 01:23:00,10.75,food,New York,-0.8721487953109993,False,True
84,2025-07-09 18:38:00,6.98,refund,Dubai,-0.9251539300442907,False,True
85,2025-06-27 19:45:00,128.29,shopping,San Francisco,2.832042795262665,False,True
85,2025-07-10 07:54:00,10.7,health,New York,-2.9686417890758445,False,True
85,2025-06-21 06:17:00,124.73,education,New York,2.6564289070047775,False,True
85,2025-07-09 11:10:00,128.97,health,Austin,2.865587021109678,False,True
85,2025-06-29 21:03:00,14.13,transport,Chicago,-2.7994407675240023,False,True
85,2025-06-18 06:05:00,134.17,subscriptions,Remote,3.122101689351537,True,True
86,2025-06-24 15:00:00,130.83,education,Remote,0.7099764258253094,False,True
86,2025-07-06 19:51:00,3.78,health,New York,-0.8630803601608072,False,True
86,2025-07-08 21:35:00,1986.97,fraud,Las Vegas,23.69158699442248,True,True
86,2025-07-01 16:00:00,129.36,bills,Austin,0.6917757687973709,False,True
86,2025-07-07 09:46:00,7.2,health,San Francisco,-0.8207359744223379,False,True
87,2025-07-02 03:54:00,16.23,health,New York,-0.5790778704187404,False,True
87,2025-07-08 09:18:00,141.76,food,San Francisco,0.6062948095518791,False,True
87,2025-06-19 07:36:00,7.98,bills,Remote,-0.6569821531380713,False,True
87,2025-06-19 00:58:00,1857.34,luxury,Dubai,16.806419578961545,True,True
87,2025-06-23 16:52:00,668.46,luxury,Las Vegas,5.579893077221165,True,True
87,2025-07-02 03:58:00,11.52,entertainment,New York,-0.6235541336439585,False,True
87,2025-06-19 22:52:00,1.07,luxury,Las Vegas,-0.7222328917551111,False,True
87,2025-06-13 01:06:00,126.31,health,New York,0.46040133464113214,False,True
87,2025-06-27 14:50:00,137.71,education,Austin,0.5680508889442076,False,True
87,2025-06-26 21:47:00,1798.96,refund,Dubai,16.255140545609482,True,True
88,2025-07-12 09:00:00,125.62,subscriptions,Chicago,1.0757016537882969,False,True
88,2025-07-05 18:30:00,5.03,fraud,Las Vegas,-1.3621752196984227,False,True
88,2025-06-21 14:29:00,517.47,refund,Dubai,8.997436896144803,True,True
88,2025-06-18 03:04:00,1084.83,electronics,Las Vegas,20.467325136806757,True,True
88,2025-06-14 16:51:00,130.92,health,Remote,1.1828477474070014,False,True
88,2025-07-04 00:15:00,128.65,subscriptions,Remote,1.1369568733476696,False,True
88,2025-06-24 02:48:00,136.14,education,Chicago,1.288376541499386,False,True
89,2025-06-30 00:24:00,1991.49,electronics,Las Vegas,23.693879318038682,True,True
89,2025-07-06 15:00:00,130.54,bills,Remote,0.7038156487073405,False,True
89,2025-06-29 03:14:00,4.24,subscriptions,Austin,-0.856486907211168,False,True
89,2025-07-06 17:58:00,125.72,entertainment,Austin,0.6442696604292154,False,True
89,2025-06-17 06:23:00,126.41,transport,San Francisco,0.6527938786682,False,True
89,2025-06-18 22:56:00,8.88,subscriptions,Austin,-0.7991646280388649,False,True
89,2025-07-12 13:42:00,141.37,entertainment,Austin,0.8376088132409705,False,True
90,2025-06-22 07:55:00,15.53,subscriptions,San Francisco,-2.7840964637435164,False,True
90,2025-06-15 19:32:00,129.29,shopping,Chicago,2.9635782505390518,False,True
90,2025-07-02 15:27:00,121.87,transport,Austin,2.5886859652017047,False,True
90,2025-06-14 22:02:00,130.05,education,Austin,3.0019769212744145,True,True
90,2025-06-20 20:53:00,14.15,education,Remote,-2.8538203658682524,False,True
90,2025-06-24 16:28:00,13.19,food,San Francisco,-2.902323949955025,False,True
90,2025-06-20 01:49:00,19.16,transport,Remote,-2.600692286415407,False,True
91,2025-06-26 17:47:00,132.78,transport,Austin,3.1469090296948576,True,True
91,2025-06-29 14:00:00,4.05,bills,San Francisco,-3.1542905327945494,True,True
91,2025-06-30 03:12:00,0.62,subscriptions,Chicago,-3.322185464040868,True,True
91,2025-07-01 09:15:00,10.17,shopping,Remote,-2.8547229003667147,False,True
91,2025-07-06 15:34:00,139.29,shopping,San Francisco,3.465566756346034,True,True
91,2025-07-09 18:12:00,131.02,education,Remote,3.060758860892082,True,True
91,2025-06-27 13:38:00,10.23,education,Chicago,-2.8517859627938926,False,True
92,2025-06-27 07:56:00,-5.63,health,San Francisco,-3.8822883647266155,True,True
92,2025-06-23 00:24:00,121.16,subscriptions,New York,2.633024235277368,False,True
92,2025-06-16 21:53:00,125.86,entertainment,San Francisco,2.874541462345897,False,True
92,2025-07-09 21:20:00,120.03,subscriptions,Austin,2.5749573274928075,False,True
92,2025-06-23 19:59:00,13.97,entertainment,Remote,-2.875110141206795,False,True
92,2025-06-29 20:05:00,18.52,health,Chicago,-2.641300910746837,False,True
93,2025-06-26 20:10:00,2.1,refund,Online,-3.322130286615262,True,True
93,2025-06-28 23:40:00,131.43,transport,Remote,3.014752773979643,True,True
93,2025-07-07 00:34:00,7.84,food,Austin,-3.040883021728424,True,True
93,2025-06-22 16:47:00,9.0,shopping,Chicago,-2.9840455953749867,False,True
93,2025-07-06 21:13:00,127.41,education,Remote,2.817781692996178,False,True
93,2025-06-24 05:53:00,-1.2,subscriptions,Austin,-3.4838229650345247,True,True
94,2025-07-11 12:37:00,130.69,education,San Francisco,3.042172302659082,True,True
94,2025-07-04 00:17:00,5.13,refund,Las Vegas,-3.269883411627912,True,True
95,2025-07-01 11:44:00,128.75,shopping,Chicago,2.94852735828201,False,True
95,2025-06-21 10:24:00,127.37,education,Remote,2.8793591833555308,False,True
95,2025-06-24 22:56:00,11.27,shopping,Chicago,-2.9397894463287373,False,True
95,2025-07-01 16:36:00,126.09,food,Chicago,2.815203195017926,False,True
95,2025-06-22 00:12:00,126.35,bills,New York,2.828234880149002,False,True
95,2025-06-19 17:17:00,125.16,education,New York,2.768589859741385,False,True
95,2025-06-26 06:15:00,5.45,food,New York,-3.2314987058012816,True,True
96,2025-07-06 12:32:00,132.13,health,San Francisco,3.00939038520992,True,True
96,2025-06-25 02:23:00,8.72,electronics,Las Vegas,-3.1381448502944447,True,True
97,2025-06-16 04:55:00,121.46,education,New York,2.492152336539202,False,True
97,2025-07-05 17:39:00,19.1,transport,Austin,-2.5808690867255275,False,True
97,2025-06-15 19:43:00,122.58,shopping,Remote,2.547660191111853,False,True
97,2025-06-18 21:13:00,123.68,shopping,Remote,2.6021768339957063,False,True
97,2025-06-21 22:57:00,19.2,health,San Francisco,-2.5759130282815406,False,True
97,2025-06-15 01:50:00,122.54,health,New York,2.545677767734259,False,True
97,2025-06-15 22:43:00,122.35,subscriptions,New York,2.5362612566906835,False,True
97,2025-06-20 23:28:00,120.36,shopping,Austin,2.4376356936553494,False,True
97,2025-06-29 05:40:00,19.41,subscriptions,Remote,-2.565505305549169,False,True
97,2025-06-25 12:15:00,123.34,bills,Chicago,2.5853262352861517,False,True
97,2025-07-02 14:33:00,125.43,food,Austin,2.6889078567654727,False,True
97,2025-06-28 17:17:00,120.53,entertainment,Austin,2.446060993010127,False,True
98,2025-06-17 09:56:00,133.17,shopping,San Francisco,3.15384268197822,True,True
98,2025-07-09 01:41:00,1.92,fraud,Online,-3.4695849018031986,True,True
98,2025-06-19 13:22:00,125.44,food,Austin,2.7637543374248463,False,True
98,2025-07-07 02:12:00,132.58,food,New York,3.1240687979825563,True,True
99,2025-07-06 10:08:00,6.35,refund,Online,-0.8523357399715653,False,True
99,2025-06-28 04:15:00,1.07,fraud,Las Vegas,-0.9200393483447864,False,True
99,2025-06-13 06:55:00,134.34,food,New York,0.788835630423996,False,True
99,2025-06-24 05:46:00,5.59,electronics,Online,-0.8620809563283167,False,True
99,2025-07-09 00:05:00,9.66,entertainment,Remote,-0.8098927582072922,False,True
99,2025-06-26 04:35:00,127.34,education,Chicago,0.699077058717074,False,True
99,2025-06-25 04:07:00,-2.34,education,New York,-0.9637645954191583,False,True
99,2025-06-23 03:15:00,1670.87,refund,Online,20.49122679968637,True,True
99,2025-06-19 22:01:00,1008.1,electronics,Dubai,11.992757003944002,True,True
100,2025-06-26 05:44:00,550.48,fraud,Las Vegas,11.124450942428993,True,True
100,2025-07-10 02:40:00,9.92,electronics,Las Vegas,-1.4456968309868121,False,True
100,2025-07-08 10:58:00,872.85,fraud,Dubai,18.62082236783238,True,True
100,2025-06-24 08:45:00,2.7,luxury,Online,-1.6135902506332196,False,True
100,2025-07-02 20:22:00,3.08,education,San Francisco,-1.6047537548623563,False,True
100,2025-07-04 09:01:00,124.1,education,Austin,1.2094376087952963,False,True
